Sex,Number of cardiovascular patients,Total,Percentage of patients by sex,Total percentage of patients
M,458,508,90.15748031496064,55.33769063180828
F,50,508,9.84251968503937,55.33769063180828
